{
  "note": "Derived from runs_summaries/calibration_20260623_final_multisensor_calibration/final_multisensor_calibration_20260623.json target_plane_registration_to_rgb",
  "homographies": {
    "rgb_to_vis": [
      [
        0.42354991849173435,
        0.0022898915006152594,
        -276.9466117024802
      ],
      [
        -0.00033587487002295787,
        0.42118021853560444,
        -494.14149074305936
      ],
      [
        2.334980611057997e-06,
        -3.3139509717543808e-06,
        1.0023777830423641
      ]
    ],
    "nir_to_vis": [
      [
        1.004284929628914,
        -0.0050027097939197305,
        -24.985309961964703
      ],
      [
        -0.0047265254256927385,
        0.9955078855655359,
        -12.172153996115867
      ],
      [
        1.6478095411045134e-05,
        -3.501148174994563e-05,
        0.9999585533905718
      ]
    ],
    "thermal_deg_to_vis": [
      [
        1.4288713895873701,
        0.02401975982892745,
        -184.68769497900354
      ],
      [
        -0.005816428580698275,
        1.4294874510408915,
        -407.9195179831737
      ],
      [
        -3.4511932104070105e-05,
        1.765230456329089e-05,
        1.0022048203510487
      ]
    ]
  }
}