{
  "pattern_internal_corners": [
    9,
    6
  ],
  "square_size_m": 0.04,
  "image_size_wh": [
    2448,
    2048
  ],
  "n_candidates": 57,
  "n_unique_views": 32,
  "selected_model": "fixed_pp_zero_tangent_fix_k3",
  "n_used_final": 32,
  "outlier_labels": [],
  "model_comparison": [
    {
      "name": "free_5coeff",
      "flags": 1,
      "n_used_final": 32,
      "outlier_labels": [],
      "rms_px": 1.6956716669556398,
      "mean_view_error_px": 1.3674405924975872,
      "median_view_error_px": 1.3618308901786804,
      "max_view_error_px": 2.170767307281494,
      "fx": 2598.6321807530153,
      "fy": 2587.814148673645,
      "cx": 1223.7926084054432,
      "cy": 642.0616126621373,
      "dist_coeffs": [
        -0.05915041395069933,
        0.29369477353851503,
        -0.002957697691621642,
        0.010558266043069439,
        -0.3381552539017444
      ],
      "K": [
        [
          2598.6321807530153,
          0.0,
          1223.7926084054432
        ],
        [
          0.0,
          2587.814148673645,
          642.0616126621373
        ],
        [
          0.0,
          0.0,
          1.0
        ]
      ]
    },
    {
      "name": "fixed_pp_5coeff",
      "flags": 5,
      "n_used_final": 32,
      "outlier_labels": [],
      "rms_px": 1.7330356111014305,
      "mean_view_error_px": 1.39568592607975,
      "median_view_error_px": 1.4067569971084595,
      "max_view_error_px": 2.2344870567321777,
      "fx": 3660.9275951194254,
      "fy": 3662.747202370403,
      "cx": 1224.0,
      "cy": 1024.0,
      "dist_coeffs": [
        -0.02454582530678712,
        1.107868796951857,
        -0.0063330168632048985,
        0.0033556513025001945,
        -4.101047012513234
      ],
      "K": [
        [
          3660.9275951194254,
          0.0,
          1224.0
        ],
        [
          0.0,
          3662.747202370403,
          1024.0
        ],
        [
          0.0,
          0.0,
          1.0
        ]
      ]
    },
    {
      "name": "fixed_pp_zero_tangent_5coeff",
      "flags": 13,
      "n_used_final": 32,
      "outlier_labels": [],
      "rms_px": 1.7427369994092234,
      "mean_view_error_px": 1.4041985031217337,
      "median_view_error_px": 1.419439673423767,
      "max_view_error_px": 2.200571298599243,
      "fx": 3780.3942071688007,
      "fy": 3779.2240318218933,
      "cx": 1224.0,
      "cy": 1024.0,
      "dist_coeffs": [
        -0.11016551504023292,
        1.9325367895482284,
        0.0,
        0.0,
        -7.399368252943496
      ],
      "K": [
        [
          3780.3942071688007,
          0.0,
          1224.0
        ],
        [
          0.0,
          3779.2240318218933,
          1024.0
        ],
        [
          0.0,
          0.0,
          1.0
        ]
      ]
    },
    {
      "name": "fixed_pp_zero_tangent_fix_aspect_5coeff",
      "flags": 15,
      "n_used_final": 32,
      "outlier_labels": [],
      "rms_px": 1.7430071878782107,
      "mean_view_error_px": 1.405468376353383,
      "median_view_error_px": 1.4203233122825623,
      "max_view_error_px": 2.199894428253174,
      "fx": 3797.0053984836054,
      "fy": 3797.0053984836054,
      "cx": 1224.0,
      "cy": 1024.0,
      "dist_coeffs": [
        -0.11800613543134135,
        2.0293298476162187,
        0.0,
        0.0,
        -7.85271324972739
      ],
      "K": [
        [
          3797.0053984836054,
          0.0,
          1224.0
        ],
        [
          0.0,
          3797.0053984836054,
          1024.0
        ],
        [
          0.0,
          0.0,
          1.0
        ]
      ]
    },
    {
      "name": "fixed_pp_zero_tangent_fix_k3",
      "flags": 141,
      "n_used_final": 32,
      "outlier_labels": [],
      "rms_px": 1.7456062605598934,
      "mean_view_error_px": 1.4074995499104261,
      "median_view_error_px": 1.41878741979599,
      "max_view_error_px": 2.214735507965088,
      "fx": 3783.5313812743116,
      "fy": 3781.9156457444137,
      "cx": 1224.0,
      "cy": 1024.0,
      "dist_coeffs": [
        -0.042937574416758294,
        0.5996437382086843,
        0.0,
        0.0,
        0.0
      ],
      "K": [
        [
          3783.5313812743116,
          0.0,
          1224.0
        ],
        [
          0.0,
          3781.9156457444137,
          1024.0
        ],
        [
          0.0,
          0.0,
          1.0
        ]
      ]
    }
  ],
  "final": {
    "name": "fixed_pp_zero_tangent_fix_k3",
    "flags": 141,
    "n_used_final": 32,
    "outlier_labels": [],
    "rms_px": 1.7456062605598934,
    "mean_view_error_px": 1.4074995499104261,
    "median_view_error_px": 1.41878741979599,
    "max_view_error_px": 2.214735507965088,
    "fx": 3783.5313812743116,
    "fy": 3781.9156457444137,
    "cx": 1224.0,
    "cy": 1024.0,
    "dist_coeffs": [
      -0.042937574416758294,
      0.5996437382086843,
      0.0,
      0.0,
      0.0
    ],
    "K": [
      [
        3783.5313812743116,
        0.0,
        1224.0
      ],
      [
        0.0,
        3781.9156457444137,
        1024.0
      ],
      [
        0.0,
        0.0,
        1.0
      ]
    ]
  }
}