{
  "note": "Derived from runs_summaries/calibration_20260623_final_multisensor_calibration/final_multisensor_calibration_20260623.json",
  "homographies": {
    "vis_to_rgb": [
      [
        2.3574209464136255,
        -0.007722049393457717,
        647.5242861995887
      ],
      [
        -0.004580581246691551,
        2.383540785035776,
        1173.7469048222474
      ],
      [
        -5.506618479609897e-06,
        7.898187959002544e-06,
        1.0
      ]
    ],
    "nir_to_rgb": [
      [
        2.3782287947064984,
        -0.04215163864985216,
        588.6905494308136
      ],
      [
        0.0034750386474395314,
        2.3317619440516077,
        1144.7998787434917
      ],
      [
        1.0910550472551706e-05,
        -2.712122534088051e-05,
        1.0
      ]
    ],
    "thermal_deg_to_rgb": [
      [
        3.3461489440921475,
        0.05701640815639509,
        216.71529490166796
      ],
      [
        -0.06091702972300792,
        3.4278509546355163,
        204.88797475206636
      ],
      [
        -4.242612094913826e-05,
        2.8810397483297534e-05,
        1.0
      ]
    ]
  }
}